month,maximum_rainfall_in_a_day,no_of_rainy_days,total_rainfall,mean_rh,mean_sunshine_hrs,mean_temp,wet_bulb_temperature,date,year
1,36.5,10,107.1,81.2,5.6,25.9,23.456048387096775,1982-01-01,1982
2,9.4,5,27.8,79.5,7.6,27.1,24.297619047619047,1982-02-01,1982
3,61.7,11,160.8,82.3,5.1,27.2,24.811559139784944,1982-03-01,1982
4,45.1,14,157.0,85.9,4.7,27.0,25.103749999999998,1982-04-01,1982
5,33.0,10,102.2,83.2,5.8,28.0,25.68965053763441,1982-05-01,1982
6,20.6,8,59.5,80.3,7.3,28.4,25.72930555555556,1982-06-01,1982
7,17.2,8,76.3,77.6,7.6,28.2,25.10725806451613,1982-07-01,1982
8,57.7,11,169.5,80.4,5.4,27.7,25.02755376344086,1982-08-01,1982
9,18.0,9,54.1,80.6,5.2,27.9,25.243055555555554,1982-09-01,1982
10,10.0,10,39.3,81.5,5.6,27.4,24.900672043010754,1982-10-01,1982
11,39.6,13,134.0,83.4,5.8,27.3,25.06888888888889,1982-11-01,1982
12,109.0,21,494.1,87.7,3.3,26.2,24.621639784946236,1982-12-01,1982
1,43.2,18,246.0,85.6,4.3,26.5,24.55497311827957,1983-01-01,1983
2,5.1,2,5.6,78.0,9.3,28.1,24.97440476190476,1983-02-01,1983
3,18.3,2,18.6,76.0,8.9,28.9,25.43924731182796,1983-03-01,1983
4,21.3,4,33.6,77.2,6.6,29.4,26.09347222222222,1983-04-01,1983
5,32.3,11,160.8,83.2,5.9,28.3,25.956854838709678,1983-05-01,1983
6,27.7,11,94.0,82.4,5.9,28.3,25.8725,1983-06-01,1983
7,55.5,18,190.0,83.7,5.4,27.6,25.422043010752688,1983-07-01,1983
8,181.8,10,262.2,81.2,6.3,28.1,25.54959677419355,1983-08-01,1983
9,50.3,18,170.8,84.4,3.8,27.2,25.137222222222224,1983-09-01,1983
10,40.0,17,212.7,82.5,5.2,27.6,25.239247311827956,1983-10-01,1983
11,54.8,18,228.8,85.2,3.2,26.6,24.68763888888889,1983-11-01,1983
12,164.4,16,370.6,88.0,2.7,25.4,23.88252688172043,1983-12-01,1983
1,62.3,18,251.2,85.8,4.1,25.5,23.66787634408602,1984-01-01,1984
2,154.4,19,470.4,86.0,4.1,25.8,24.00991379310345,1984-02-01,1984
3,119.4,19,361.3,85.4,5.3,26.5,24.600268817204302,1984-03-01,1984
4,38.7,17,153.1,83.8,6.2,27.3,25.178472222222222,1984-04-01,1984
5,46.0,12,186.5,84.1,6.4,27.3,25.156451612903226,1984-05-01,1984
6,121.1,14,255.0,83.1,5.4,27.5,25.2575,1984-06-01,1984
7,49.2,12,127.2,83.7,5.7,27.2,24.984274193548387,1984-07-01,1984
8,22.5,13,102.7,84.1,6.0,27.4,25.241935483870968,1984-08-01,1984
9,46.5,17,186.7,83.9,4.9,26.8,24.657916666666665,1984-09-01,1984
10,47.2,11,187.5,82.5,5.3,27.4,25.00712365591398,1984-10-01,1984
11,35.4,17,127.7,86.3,4.3,26.5,24.65013888888889,1984-11-01,1984
12,58.4,22,277.4,86.7,3.3,26.0,24.24583333333333,1984-12-01,1984
1,35.5,7,111.1,81.5,8.7,26.6,24.091129032258067,1985-01-01,1985
2,18.7,11,79.3,84.0,6.5,27.0,24.892857142857142,1985-02-01,1985
3,23.8,13,88.0,83.9,5.6,27.1,24.92822580645161,1985-03-01,1985
4,29.3,14,110.5,83.8,5.5,27.5,25.28291666666667,1985-04-01,1985
5,36.2,12,70.1,83.4,5.7,28.0,25.736962365591395,1985-05-01,1985
6,9.9,14,37.0,79.4,5.8,28.2,25.323333333333334,1985-06-01,1985
7,32.2,17,131.8,83.1,5.3,27.0,24.738575268817204,1985-07-01,1985
8,21.4,11,56.9,80.4,6.2,27.7,25.07983870967742,1985-08-01,1985
9,22.0,18,110.7,83.1,5.0,26.9,24.693055555555553,1985-09-01,1985
10,30.2,21,169.0,84.7,4.1,26.7,24.674731182795696,1985-10-01,1985
11,38.2,21,179.4,85.0,4.1,26.6,24.571805555555557,1985-11-01,1985
12,86.8,22,340.1,86.2,4.6,26.1,24.273118279569893,1985-12-01,1985
1,95.6,13,308.2,83.9,3.9,25.7,23.615591397849464,1986-01-01,1986
2,23.0,2,26.7,78.4,7.2,26.9,23.99955357142857,1986-02-01,1986
3,71.1,17,353.4,86.6,4.6,26.4,24.674731182795696,1986-03-01,1986
4,56.4,14,150.0,85.3,6.2,27.4,25.420099999999998,1986-04-01,1986
5,51.3,13,145.1,81.8,6.1,28.2,25.686155913978496,1986-05-01,1986
6,34.5,13,122.9,82.5,6.8,27.9,25.54222222222222,1986-06-01,1986
7,23.5,12,109.7,79.9,6.2,27.9,25.11209677419355,1986-07-01,1986
8,28.4,11,72.9,77.3,5.6,28.3,25.126478494623658,1986-08-01,1986
9,97.6,22,396.0,84.4,4.8,26.7,24.64486111111111,1986-09-01,1986
10,65.6,20,227.3,85.0,5.0,26.9,24.905376344086022,1986-10-01,1986
11,40.5,21,256.7,84.1,4.5,26.6,24.504583333333336,1986-11-01,1986
12,131.7,16,367.2,85.2,5.4,26.3,24.403494623655913,1986-12-01,1986
1,127.4,16,568.6,86.0,4.0,25.5,23.70255376344086,1987-01-01,1987
2,34.8,7,86.9,79.0,9.2,26.6,23.781994047619047,1987-02-01,1987
3,40.9,12,132.5,83.2,6.9,27.5,25.19475806451613,1987-03-01,1987
4,27.7,10,72.5,82.8,6.2,27.9,25.573194444444443,1987-04-01,1987
5,81.4,16,270.0,84.6,5.6,27.6,25.55766129032258,1987-05-01,1987
6,30.7,15,126.6,80.7,6.8,28.7,26.001527777777778,1987-06-01,1987
7,21.6,11,80.9,81.3,6.7,28.1,25.54018817204301,1987-07-01,1987
8,48.2,16,191.9,83.6,5.1,27.4,25.20483870967742,1987-08-01,1987
9,44.5,11,129.9,82.5,5.4,27.6,25.210277777777776,1987-09-01,1987
10,5.9,9,22.6,82.1,5.8,27.9,25.403897849462368,1987-10-01,1987
11,77.7,17,347.6,84.0,4.5,27.3,25.09986111111111,1987-11-01,1987
12,24.3,11,72.8,84.6,4.8,26.4,24.40981182795699,1987-12-01,1987
1,69.0,15,237.5,84.3,5.9,26.8,24.706989247311828,1988-01-01,1988
2,46.7,9,158.1,83.2,6.7,27.1,24.875287356321838,1988-02-01,1988
3,70.1,15,186.8,85.3,5.2,27.3,25.286827956989246,1988-03-01,1988
4,22.8,13,109.6,84.5,5.4,27.8,25.7025,1988-04-01,1988
5,76.7,14,229.6,82.7,5.6,28.4,26.008467741935487,1988-05-01,1988
6,69.4,13,252.2,81.6,6.5,28.0,25.459305555555556,1988-06-01,1988
7,75.6,15,305.4,84.0,6.0,27.3,25.204435483870967,1988-07-01,1988
8,19.0,14,80.1,84.9,4.9,27.0,25.00215053763441,1988-08-01,1988
9,187.3,14,440.4,84.5,4.8,27.1,25.00472222222222,1988-09-01,1988
10,39.8,17,134.6,83.2,4.1,27.5,25.170295698924733,1988-10-01,1988
11,111.9,23,401.4,86.8,3.7,26.3,24.58527777777778,1988-11-01,1988
12,22.0,11,62.9,81.1,5.7,26.2,23.718413978494624,1988-12-01,1988
1,53.0,10,189.7,84.1,5.8,26.5,24.39704301075269,1989-01-01,1989
2,48.4,3,52.4,78.3,6.7,26.6,23.703869047619047,1989-02-01,1989
3,63.5,21,305.9,87.6,4.5,26.3,24.72204301075269,1989-03-01,1989
4,39.0,17,198.6,86.4,5.7,27.0,25.190555555555555,1989-04-01,1989
5,38.2,12,194.0,86.6,5.2,27.3,25.475537634408603,1989-05-01,1989
6,45.9,12,117.6,83.3,6.0,27.5,25.19611111111111,1989-06-01,1989
7,33.3,12,157.6,82.6,6.0,27.7,25.386559139784946,1989-07-01,1989
8,81.4,18,201.0,83.7,5.3,27.1,24.966397849462368,1989-08-01,1989
9,102.2,14,247.3,84.4,5.5,26.9,24.84625,1989-09-01,1989
10,24.9,16,111.0,83.7,5.5,27.1,24.87983870967742,1989-10-01,1989
11,148.6,20,508.4,86.0,5.4,26.7,24.7975,1989-11-01,1989
12,44.2,18,179.7,85.5,4.8,26.3,24.378897849462366,1989-12-01,1989
1,73.9,13,147.4,83.8,5.3,26.2,24.04731182795699,1990-01-01,1990
2,6.6,8,24.1,80.9,8.9,27.6,24.96175595238095,1990-02-01,1990
3,48.6,4,94.2,77.6,8.3,28.2,25.07956989247312,1990-03-01,1990
4,12.0,10,52.4,81.2,6.3,28.5,25.88597222222222,1990-04-01,1990
5,153.7,11,180.1,81.1,6.5,28.6,25.93306451612903,1990-05-01,1990
6,76.1,9,112.6,80.7,6.3,28.3,25.69388888888889,1990-06-01,1990
7,44.5,12,124.0,82.7,5.9,27.5,25.131048387096776,1990-07-01,1990
8,38.3,13,146.6,82.3,5.8,28.0,25.574731182795702,1990-08-01,1990
9,44.5,17,204.5,83.2,5.1,27.2,24.977500000000003,1990-09-01,1990
10,20.2,12,56.4,83.5,5.9,27.5,25.24516129032258,1990-10-01,1990
11,46.9,17,180.4,83.5,4.6,27.2,24.98361111111111,1990-11-01,1990
12,33.5,16,201.1,86.0,5.5,26.3,24.47231182795699,1990-12-01,1990
1,36.2,13,123.9,84.1,5.6,26.7,24.58454301075269,1991-01-01,1991
2,17.9,7,45.5,81.6,7.0,27.1,24.620386904761904,1991-02-01,1991
3,48.6,10,92.4,79.9,7.1,27.8,25.046370967741936,1991-03-01,1991
4,32.2,13,134.2,84.3,5.8,27.7,25.61513888888889,1991-04-01,1991
5,44.0,23,256.4,86.6,5.1,27.7,25.91021505376344,1991-05-01,1991
6,55.6,9,88.7,81.0,7.1,28.6,25.970416666666665,1991-06-01,1991
7,10.7,8,37.3,78.7,6.7,28.5,25.533736559139786,1991-07-01,1991
8,129.9,8,226.2,79.8,5.3,28.2,25.4,1991-08-01,1991
9,53.6,12,123.1,83.0,4.1,27.5,25.269305555555555,1991-09-01,1991
10,20.4,5,52.0,81.4,4.2,27.5,24.98548387096774,1991-10-01,1991
11,75.2,19,205.0,86.5,3.5,26.3,24.492916666666666,1991-11-01,1991
12,79.4,19,492.3,90.7,3.0,25.6,24.43938172043011,1991-12-01,1991
1,56.2,9,83.9,82.4,6.6,26.6,24.29274193548387,1992-01-01,1992
2,43.2,4,62.4,80.5,7.7,27.5,24.78491379310345,1992-02-01,1992
3,35.1,6,67.6,80.6,7.4,28.2,25.505779569892475,1992-03-01,1992
4,94.7,13,160.3,82.4,6.4,28.4,25.964999999999996,1992-04-01,1992
5,13.7,13,63.1,83.3,5.7,28.1,25.850537634408603,1992-05-01,1992
6,38.4,14,162.8,82.7,5.5,28.0,25.671666666666667,1992-06-01,1992
7,97.3,19,290.8,83.8,4.7,27.3,25.163037634408603,1992-07-01,1992
8,31.0,11,76.1,81.1,5.7,27.8,25.18978494623656,1992-08-01,1992
9,17.5,13,83.6,82.9,5.0,27.3,25.035694444444445,1992-09-01,1992
10,45.5,20,233.2,82.0,4.5,27.4,24.988306451612903,1992-10-01,1992
11,120.6,18,474.3,87.7,3.7,26.1,24.48,1992-11-01,1992
12,105.7,23,502.7,90.3,3.4,25.5,24.283467741935485,1992-12-01,1992
1,37.2,11,176.4,85.7,5.5,26.2,24.335752688172043,1993-01-01,1993
2,27.0,8,69.2,80.5,8.5,26.7,24.083035714285717,1993-02-01,1993
3,56.9,14,250.5,86.3,5.4,26.7,24.861021505376346,1993-03-01,1993
4,56.7,20,283.9,84.5,6.4,27.6,25.485416666666666,1993-04-01,1993
5,37.2,10,129.9,82.9,6.0,28.2,25.85040322580645,1993-05-01,1993
6,29.4,17,115.5,80.9,6.2,28.5,25.831666666666667,1993-06-01,1993
7,46.4,15,240.0,83.2,5.2,27.9,25.60470430107527,1993-07-01,1993
8,53.5,11,106.8,79.4,7.4,28.6,25.729032258064517,1993-08-01,1993
9,42.0,7,61.7,81.4,5.9,27.9,25.334999999999997,1993-09-01,1993
10,62.7,13,175.5,84.3,5.2,27.5,25.36599462365591,1993-10-01,1993
11,61.3,18,250.8,87.4,4.7,26.9,25.185555555555556,1993-11-01,1993
12,67.6,19,308.5,87.4,4.2,26.5,24.865322580645163,1993-12-01,1993
1,17.5,7,56.9,82.1,6.1,26.9,24.526344086021506,1994-01-01,1994
2,26.3,15,133.5,84.5,6.4,27.0,24.95297619047619,1994-02-01,1994
3,64.2,19,288.2,87.1,3.5,26.8,25.10040322580645,1994-03-01,1994
4,46.3,15,154.0,84.8,5.8,27.9,25.803333333333335,1994-04-01,1994
5,45.1,16,169.6,84.8,5.0,28.1,26.023655913978494,1994-05-01,1994
6,61.1,14,184.7,83.5,6.0,28.1,25.83319444444444,1994-06-01,1994
7,17.0,6,53.8,78.9,7.6,28.4,25.54758064516129,1994-07-01,1994
8,15.5,12,45.1,80.0,6.5,28.1,25.40241935483871,1994-08-01,1994
9,11.3,6,23.7,78.7,3.8,28.3,25.410833333333336,1994-09-01,1994
10,35.4,11,84.7,81.5,4.5,27.9,25.29475806451613,1994-10-01,1994
11,178.3,21,322.2,88.4,4.5,26.7,25.152638888888887,1994-11-01,1994
12,133.8,18,425.4,85.5,5.3,26.9,24.943279569892475,1994-12-01,1994
1,108.3,21,349.4,86.2,5.0,26.8,24.957795698924734,1995-01-01,1995
2,159.3,16,334.0,87.5,4.9,26.5,24.799255952380953,1995-02-01,1995
3,31.1,10,67.7,83.9,5.9,27.6,25.396102150537637,1995-03-01,1995
4,73.6,16,242.3,85.3,5.6,27.9,25.946805555555557,1995-04-01,1995
5,32.8,11,84.4,83.7,6.0,28.5,26.279301075268815,1995-05-01,1995
6,45.0,12,63.7,81.9,6.6,28.9,26.335694444444446,1995-06-01,1995
7,52.3,13,173.6,82.6,5.2,28.0,25.65215053763441,1995-07-01,1995
8,37.9,21,211.6,85.6,4.1,27.4,25.47271505376344,1995-08-01,1995
9,5.7,7,29.5,81.6,5.8,28.3,25.764305555555556,1995-09-01,1995
10,37.1,12,101.1,82.8,4.7,27.8,25.463575268817202,1995-10-01,1995
11,198.6,20,372.8,86.8,3.7,27.0,25.218611111111112,1995-11-01,1995
12,55.6,20,302.5,86.6,3.1,26.3,24.549059139784948,1995-12-01,1995
1,39.0,10,173.2,84.2,5.2,26.2,24.08521505376344,1996-01-01,1996
2,53.0,11,180.2,84.6,5.8,26.5,24.44942528735632,1996-02-01,1996
3,61.8,8,129.7,81.0,7.7,27.8,25.128897849462366,1996-03-01,1996
4,55.7,15,178.2,85.5,5.4,27.8,25.83888888888889,1996-04-01,1996
5,18.6,15,107.5,83.7,7.0,28.5,26.278494623655913,1996-05-01,1996
6,94.3,15,265.8,84.3,5.9,28.3,26.149166666666666,1996-06-01,1996
7,55.3,10,162.3,81.9,6.7,28.3,25.853763440860217,1996-07-01,1996
8,64.6,18,258.4,83.4,5.0,27.4,25.179032258064513,1996-08-01,1996
9,66.5,18,297.0,82.2,4.8,27.7,25.31722222222222,1996-09-01,1996
10,45.8,19,300.0,83.0,4.3,27.5,25.17997311827957,1996-10-01,1996
11,60.5,16,180.2,83.5,4.4,27.3,25.067777777777778,1996-11-01,1996
12,72.4,15,185.5,82.9,4.5,26.6,24.34032258064516,1996-12-01,1996
1,13.9,3,15.4,77.3,7.7,27.1,23.996774193548386,1997-01-01,1997
2,35.7,8,105.4,80.8,4.9,27.4,24.75848214285714,1997-02-01,1997
3,17.4,10,34.3,79.6,7.0,28.1,25.22768817204301,1997-03-01,1997
4,44.6,12,118.4,82.7,5.6,28.1,25.68263888888889,1997-04-01,1997
5,35.6,6,41.6,77.7,6.7,29.3,26.15752688172043,1997-05-01,1997
6,25.0,12,78.9,76.7,7.3,29.3,25.96847222222222,1997-06-01,1997
7,5.4,9,18.6,76.5,6.5,28.8,25.524327956989247,1997-07-01,1997
8,61.4,9,86.6,78.2,5.7,28.8,25.725268817204302,1997-08-01,1997
9,24.3,3,31.1,77.0,3.2,28.8,25.580277777777777,1997-09-01,1997
10,36.5,8,78.4,81.0,3.2,28.2,25.561693548387098,1997-10-01,1997
11,53.6,13,158.3,82.8,5.4,27.8,25.439722222222223,1997-11-01,1997
12,65.8,23,351.9,85.3,5.3,27.3,25.35846774193548,1997-12-01,1997
1,79.7,13,268.8,83.2,7.4,28.0,25.736424731182794,1998-01-01,1998
2,11.9,5,32.5,78.3,8.9,28.9,25.87827380952381,1998-02-01,1998
3,20.9,7,58.8,77.8,7.6,29.5,26.263440860215052,1998-03-01,1998
4,64.9,13,187.7,81.8,6.7,29.2,26.69722222222222,1998-04-01,1998
5,83.7,18,370.8,82.3,5.9,29.4,26.913978494623656,1998-05-01,1998
6,42.8,15,198.8,82.1,5.3,28.6,26.106944444444444,1998-06-01,1998
7,55.8,18,259.2,81.8,5.1,28.1,25.640860215053763,1998-07-01,1998
8,35.5,18,195.0,85.4,4.6,27.5,25.50443548387097,1998-08-01,1998
9,52.0,17,258.2,84.1,4.5,27.9,25.755277777777778,1998-09-01,1998
10,32.4,20,222.7,82.3,5.0,28.0,25.591397849462368,1998-10-01,1998
11,57.5,11,107.2,81.9,4.6,27.9,25.44875,1998-11-01,1998
12,84.4,22,463.4,88.5,3.1,26.6,25.08508064516129,1998-12-01,1998
1,52.5,19,193.9,88.3,3.9,26.6,25.05483870967742,1999-01-01,1999
2,32.1,9,67.4,82.4,6.7,27.2,24.86636904761905,1999-02-01,1999
3,52.4,16,181.4,87.5,4.3,27.1,25.45228494623656,1999-03-01,1999
4,29.2,14,88.5,82.6,5.8,28.3,25.886805555555554,1999-04-01,1999
5,42.8,13,157.1,84.4,5.7,28.0,25.910618279569892,1999-05-01,1999
6,34.5,13,103.4,81.9,6.0,28.2,25.735972222222223,1999-06-01,1999
7,51.4,11,225.4,82.7,6.8,27.8,25.40255376344086,1999-07-01,1999
8,42.4,13,204.0,84.1,5.7,27.5,25.37244623655914,1999-08-01,1999
9,41.5,13,125.9,81.7,6.5,27.9,25.40402777777778,1999-09-01,1999
10,32.8,20,205.0,84.6,4.7,27.2,25.106182795698924,1999-10-01,1999
11,39.0,19,241.5,84.4,4.7,27.3,25.144027777777776,1999-11-01,1999
12,76.9,17,340.5,85.3,4.1,26.8,24.823924731182796,1999-12-01,1999
1,127.6,14,275.2,86.9,4.0,26.3,24.637768817204304,2000-01-01,2000
2,39.9,18,237.8,86.5,5.8,26.6,24.785344827586208,2000-02-01,2000
3,37.9,15,238.3,85.8,5.8,27.2,25.315188172043012,2000-03-01,2000
4,87.4,20,311.6,85.6,5.3,27.5,25.55430555555556,2000-04-01,2000
5,36.7,10,96.8,82.4,6.8,28.6,26.17069892473118,2000-05-01,2000
6,41.7,16,157.5,84.3,4.6,27.6,25.51236111111111,2000-06-01,2000
7,34.6,12,116.1,82.6,6.5,28.1,25.746370967741935,2000-07-01,2000
8,28.1,18,113.5,83.8,5.1,27.5,25.35456989247312,2000-08-01,2000
9,25.7,12,81.1,82.2,6.2,28.0,25.6075,2000-09-01,2000
10,38.3,14,120.9,82.1,4.0,27.8,25.331989247311828,2000-10-01,2000
11,72.0,21,385.7,87.1,3.7,27.3,25.58319444444444,2000-11-01,2000
12,45.8,18,236.0,87.6,4.2,27.0,25.335887096774194,2000-12-01,2000
1,125.4,21,425.8,87.4,4.4,26.5,24.856854838709676,2001-01-01,2001
2,28.2,11,86.6,83.6,4.8,27.0,24.78809523809524,2001-02-01,2001
3,41.1,20,297.3,84.5,5.4,27.5,25.350806451612904,2001-03-01,2001
4,68.9,18,203.3,86.0,5.3,27.7,25.864722222222223,2001-04-01,2001
5,56.1,12,164.9,85.0,6.0,28.5,26.47056451612903,2001-05-01,2001
6,49.6,11,137.1,82.5,4.9,28.2,25.770972222222223,2001-06-01,2001
7,44.8,9,111.3,80.8,8.1,28.4,25.788037634408603,2001-07-01,2001
8,36.6,14,158.3,83.7,4.9,28.0,25.80497311827957,2001-08-01,2001
9,74.3,13,162.0,82.3,6.2,28.0,25.575833333333332,2001-09-01,2001
10,77.2,20,252.2,83.7,4.4,27.6,25.423387096774192,2001-10-01,2001
11,102.6,15,175.3,84.9,3.7,27.2,25.157083333333333,2001-11-01,2001
12,211.1,20,609.0,86.8,4.5,26.7,24.94233870967742,2001-12-01,2001
1,83.8,11,221.2,83.6,6.9,27.0,24.832795698924734,2002-01-01,2002
2,41.7,2,50.8,80.9,7.4,27.3,24.705357142857142,2002-02-01,2002
3,26.4,8,55.6,80.8,7.6,28.2,25.528494623655913,2002-03-01,2002
4,39.4,13,116.5,82.3,6.6,28.6,26.137222222222224,2002-04-01,2002
5,75.9,13,236.6,82.3,6.2,28.9,26.417473118279567,2002-05-01,2002
6,45.8,12,83.1,82.1,6.3,28.7,26.222638888888888,2002-06-01,2002
7,69.5,11,233.7,82.7,6.8,28.4,26.05510752688172,2002-07-01,2002
8,17.8,14,54.2,79.2,6.7,28.5,25.624193548387098,2002-08-01,2002
9,38.9,9,124.2,81.7,5.5,28.1,25.545555555555556,2002-09-01,2002
10,3.2,7,10.8,79.8,6.2,28.7,25.8383064516129,2002-10-01,2002
11,84.0,15,307.2,85.8,4.6,27.4,25.498333333333335,2002-11-01,2002
12,38.6,24,255.0,88.7,4.8,27.2,25.680779569892472,2002-12-01,2002
1,194.4,20,444.2,86.9,4.7,26.7,24.92970430107527,2003-01-01,2003
2,82.2,13,172.9,85.0,5.8,27.1,25.08764880952381,2003-02-01,2003
3,38.3,11,154.6,83.8,6.9,28.1,25.84704301075269,2003-03-01,2003
4,42.9,20,159.9,86.7,5.1,27.9,26.094305555555554,2003-04-01,2003
5,33.0,11,81.8,81.7,5.8,29.2,26.612903225806452,2003-05-01,2003
6,23.2,12,50.3,78.5,7.0,28.9,25.949166666666667,2003-06-01,2003
7,30.9,14,170.4,81.7,5.6,28.1,25.63454301075269,2003-07-01,2003
8,64.4,13,193.6,83.1,6.1,28.2,25.92486559139785,2003-08-01,2003
9,60.0,15,205.3,84.8,5.0,27.6,25.566666666666666,2003-09-01,2003
10,56.6,21,351.4,84.9,5.1,27.6,25.548521505376346,2003-10-01,2003
11,41.3,19,133.8,87.3,4.2,27.1,25.443055555555553,2003-11-01,2003
12,92.1,17,273.0,87.2,3.9,26.5,24.871505376344086,2003-12-01,2003
1,177.8,13,600.9,86.7,6.7,26.9,25.08225806451613,2004-01-01,2004
2,19.2,4,31.9,80.5,7.7,27.6,24.958189655172415,2004-02-01,2004
3,122.8,16,269.4,85.8,4.8,27.7,25.739919354838708,2004-03-01,2004
4,18.1,9,57.1,82.3,7.0,28.9,26.369027777777777,2004-04-01,2004
5,73.4,13,137.6,82.1,6.0,28.9,26.447580645161292,2004-05-01,2004
6,68.1,8,127.2,79.8,6.3,29.0,26.183611111111112,2004-06-01,2004
7,34.3,20,166.6,85.3,4.2,27.3,25.38817204301075,2004-07-01,2004
8,111.5,8,185.2,80.3,7.3,28.3,25.537365591397847,2004-08-01,2004
9,29.1,14,128.9,83.6,5.9,27.8,25.57027777777778,2004-09-01,2004
10,25.3,13,125.6,83.9,5.0,27.8,25.573387096774194,2004-10-01,2004
11,62.4,15,166.2,86.1,5.8,27.3,25.41375,2004-11-01,2004
12,36.4,14,139.8,85.2,4.9,26.8,24.87244623655914,2004-12-01,2004
1,96.7,8,163.2,83.3,6.5,26.6,24.395967741935483,2005-01-01,2005
2,7.2,3,8.4,77.7,9.1,28.5,25.330357142857142,2005-02-01,2005
3,20.5,12,82.4,80.3,7.2,28.5,25.70577956989247,2005-03-01,2005
4,49.6,10,81.7,81.0,7.0,28.7,26.036805555555553,2005-04-01,2005
5,58.7,20,331.1,84.6,5.5,28.5,26.366532258064513,2005-05-01,2005
6,27.6,15,82.3,82.7,5.4,28.8,26.405694444444446,2005-06-01,2005
7,26.3,15,104.0,84.0,5.4,28.0,25.849865591397847,2005-07-01,2005
8,13.8,13,58.5,82.9,6.5,28.2,25.900134408602153,2005-08-01,2005
9,43.4,18,175.7,84.2,6.2,28.2,25.996111111111112,2005-09-01,2005
10,76.2,19,314.5,85.2,5.1,27.6,25.581854838709678,2005-10-01,2005
11,133.8,23,362.9,86.4,4.4,27.3,25.43236111111111,2005-11-01,2005
12,47.3,19,166.0,85.6,4.5,27.3,25.326478494623654,2005-12-01,2005
1,131.7,20,454.4,87.8,4.8,26.5,24.865591397849464,2006-01-01,2006
2,44.5,8,115.5,84.0,7.4,27.5,25.37842261904762,2006-02-01,2006
3,35.7,9,83.1,81.3,7.1,28.3,25.69220430107527,2006-03-01,2006
4,43.3,18,239.8,87.0,5.3,27.6,25.854444444444443,2006-04-01,2006
5,36.6,14,205.7,85.2,5.0,28.1,26.103629032258063,2006-05-01,2006
6,37.3,16,236.8,86.3,5.5,27.8,25.991527777777776,2006-06-01,2006
7,54.8,15,153.8,83.8,6.9,28.4,26.21155913978495,2006-07-01,2006
8,30.4,14,127.3,81.9,6.7,28.3,25.85456989247312,2006-08-01,2006
9,32.2,12,83.3,81.0,5.3,28.0,25.404861111111114,2006-09-01,2006
10,37.8,8,102.0,80.9,4.8,28.3,25.693279569892475,2006-10-01,2006
11,64.0,18,185.6,87.4,5.6,27.3,25.550416666666667,2006-11-01,2006
12,198.0,22,765.9,88.5,3.2,26.6,25.122177419354838,2006-12-01,2006
1,143.8,20,450.1,86.8,4.1,26.5,24.72083333333333,2007-01-01,2007
2,51.4,3,105.5,82.5,7.6,27.3,24.870535714285715,2007-02-01,2007
3,68.8,21,269.1,84.9,5.8,27.5,25.42043010752688,2007-03-01,2007
4,102.4,14,240.2,84.7,5.9,28.1,26.00986111111111,2007-04-01,2007
5,21.9,16,127.2,84.8,5.5,28.3,26.221236559139786,2007-05-01,2007
6,38.0,12,139.0,82.8,6.0,28.4,26.059583333333332,2007-06-01,2007
7,23.0,19,141.7,84.8,3.8,27.7,25.697580645161292,2007-07-01,2007
8,55.9,20,190.7,82.9,5.7,27.7,25.4252688172043,2007-08-01,2007
9,52.1,13,149.0,83.3,5.8,27.8,25.593194444444446,2007-09-01,2007
10,51.8,16,237.2,83.2,5.6,27.8,25.488575268817204,2007-10-01,2007
11,60.1,21,367.9,86.5,3.5,26.9,25.105833333333333,2007-11-01,2007
12,159.0,20,468.6,86.8,4.5,26.4,24.70430107526882,2007-12-01,2007
1,123.1,19,262.6,86.0,6.1,26.8,24.903360215053766,2008-01-01,2008
2,48.5,8,129.2,82.9,5.5,26.7,24.42729885057471,2008-02-01,2008
3,48.1,16,294.1,87.1,4.3,26.5,24.830510752688173,2008-03-01,2008
4,34.2,13,87.2,82.0,6.0,28.1,25.641805555555557,2008-04-01,2008
5,42.3,11,124.9,79.1,6.6,28.8,25.849596774193547,2008-05-01,2008
6,45.2,12,118.3,81.5,5.6,28.2,25.663333333333334,2008-06-01,2008
7,23.5,15,89.1,81.3,4.9,27.8,25.311155913978496,2008-07-01,2008
8,133.9,18,327.3,83.8,5.5,27.4,25.284408602150535,2008-08-01,2008
9,43.5,18,164.4,82.7,5.1,27.7,25.344722222222224,2008-09-01,2008
10,41.6,19,159.5,84.9,4.5,27.6,25.546505376344086,2008-10-01,2008
11,63.3,16,324.3,85.9,4.0,27.3,25.379583333333336,2008-11-01,2008
12,52.0,17,244.2,83.7,4.8,26.9,24.690591397849463,2008-12-01,2008
1,36.0,5,38.3,79.1,6.6,26.8,23.982795698924733,2009-01-01,2009
2,74.2,8,201.8,80.7,6.4,27.3,24.64627976190476,2009-02-01,2009
3,56.3,19,223.3,85.4,5.5,27.2,25.200000000000003,2009-03-01,2009
4,86.6,12,183.7,82.2,6.2,28.5,26.000694444444445,2009-04-01,2009
5,41.3,17,198.6,83.0,6.6,28.7,26.366666666666667,2009-05-01,2009
6,5.8,8,21.8,79.8,7.0,29.1,26.28166666666667,2009-06-01,2009
7,24.4,16,161.0,80.8,6.2,28.3,25.600268817204302,2009-07-01,2009
8,35.5,12,177.8,80.7,6.5,28.3,25.643548387096775,2009-08-01,2009
9,63.0,13,109.6,82.0,5.6,28.3,25.866111111111113,2009-09-01,2009
10,38.4,15,133.4,82.8,5.4,28.2,25.861424731182794,2009-10-01,2009
11,61.4,23,281.8,85.6,4.7,27.2,25.274583333333332,2009-11-01,2009
12,42.6,18,189.8,86.3,4.7,27.1,25.261693548387097,2009-12-01,2009
1,24.5,10,69.5,82.1,7.1,27.5,25.016397849462365,2010-01-01,2010
2,2.9,4,6.3,77.3,8.8,28.9,25.641964285714288,2010-02-01,2010
3,57.6,11,238.0,79.9,6.1,28.6,25.73198924731183,2010-03-01,2010
4,40.0,18,158.5,84.1,6.2,28.6,26.349444444444444,2010-04-01,2010
5,90.5,17,157.5,82.2,6.5,29.2,26.713575268817202,2010-05-01,2010
6,43.0,19,240.5,83.9,5.1,28.3,26.11875,2010-06-01,2010
7,121.1,18,298.5,84.8,4.6,27.7,25.649731182795698,2010-07-01,2010
8,60.2,16,158.4,84.2,5.4,27.9,25.741263440860212,2010-08-01,2010
9,28.0,13,121.5,82.5,5.7,28.0,25.610833333333336,2010-09-01,2010
10,58.1,17,166.2,82.3,4.2,28.3,25.802822580645163,2010-10-01,2010
11,41.6,21,278.8,85.9,5.0,27.4,25.448611111111113,2010-11-01,2010
12,85.8,14,181.4,85.3,3.6,26.8,24.836290322580645,2010-12-01,2010
1,216.2,17,513.2,85.8,4.5,26.3,24.433467741935484,2011-01-01,2011
2,17.4,8,23.0,81.1,7.5,27.3,24.691517857142856,2011-02-01,2011
3,54.0,22,256.6,85.5,4.6,27.1,25.07231182795699,2011-03-01,2011
4,61.8,12,217.8,83.9,7.2,27.9,25.69,2011-04-01,2011
5,34.2,15,127.0,85.3,5.9,28.5,26.479166666666664,2011-05-01,2011
6,82.0,15,213.0,83.7,5.0,28.4,26.13875,2011-06-01,2011
7,30.0,7,76.6,81.3,7.8,28.7,26.11048387096774,2011-07-01,2011
8,30.2,13,81.4,82.6,6.1,27.9,25.56048387096774,2011-08-01,2011
9,40.4,14,136.4,82.7,5.1,27.8,25.50986111111111,2011-09-01,2011
10,54.0,20,216.8,87.4,5.3,27.3,25.508198924731186,2011-10-01,2011
11,78.6,24,377.8,87.8,4.6,27.1,25.45347222222222,2011-11-01,2011
12,87.4,21,284.6,88.4,3.3,26.6,25.062634408602147,2011-12-01,2011
1,26.2,16,106.1,87.3,6.0,26.7,25.00793010752688,2012-01-01,2012
2,38.4,11,83.6,85.6,7.0,27.2,25.257183908045977,2012-02-01,2012
3,92.3,21,313.4,87.3,4.2,27.0,25.31424731182796,2012-03-01,2012
4,48.4,20,260.6,85.1,5.8,27.6,25.57111111111111,2012-04-01,2012
5,79.2,19,292.0,83.1,5.6,28.2,25.84247311827957,2012-05-01,2012
6,38.2,8,53.0,79.0,6.0,28.7,25.799305555555556,2012-06-01,2012
7,35.4,17,130.8,81.1,6.2,27.7,25.18494623655914,2012-07-01,2012
8,31.0,12,119.0,79.8,6.1,27.9,25.20201612903226,2012-08-01,2012
9,35.8,10,107.6,79.7,5.6,27.9,25.150555555555556,2012-09-01,2012
10,22.6,13,122.2,81.3,5.9,27.7,25.155779569892474,2012-10-01,2012
11,49.2,22,208.2,85.4,4.4,27.1,25.138472222222223,2012-11-01,2012
12,78.8,22,363.4,87.0,3.6,26.7,24.978494623655916,2012-12-01,2012
1,73.0,15,262.0,82.1,6.0,27.1,24.628494623655914,2013-01-01,2013
2,95.2,22,395.2,86.9,4.0,26.5,24.792857142857144,2013-02-01,2013
3,29.6,10,85.8,80.4,7.5,28.3,25.549731182795696,2013-03-01,2013
4,41.6,19,159.4,82.7,5.2,28.2,25.81625,2013-04-01,2013
5,46.2,17,211.4,83.1,5.4,28.2,25.848387096774193,2013-05-01,2013
6,22.4,12,111.4,74.6,6.4,29.0,25.30388888888889,2013-06-01,2013
7,37.4,15,174.6,79.9,5.7,27.8,25.041935483870965,2013-07-01,2013
8,43.2,15,165.6,79.0,6.1,27.9,25.04422043010753,2013-08-01,2013
9,52.6,19,257.0,81.3,4.6,27.5,25.01291666666667,2013-09-01,2013
10,139.8,19,285.4,79.9,6.3,27.7,24.95766129032258,2013-10-01,2013
11,44.0,22,292.4,84.6,4.5,27.1,25.066666666666666,2013-11-01,2013
12,119.8,21,348.2,85.8,3.5,26.5,24.609139784946237,2013-12-01,2013
1,31.2,5,75.4,78.5,5.3,26.2,23.391129032258064,2014-01-01,2014
2,0.2,1,0.2,74.5,8.8,27.2,23.708333333333336,2014-02-01,2014
3,52.6,6,66.0,76.0,8.0,27.9,24.544623655913977,2014-03-01,2014
4,28.8,17,110.0,80.0,5.7,28.2,25.461805555555554,2014-04-01,2014
5,22.2,18,125.8,80.2,5.8,28.6,25.811424731182797,2014-05-01,2014
6,18.8,11,71.4,77.5,6.0,29.0,25.880972222222223,2014-06-01,2014
7,29.0,15,148.6,78.3,5.5,28.7,25.704704301075267,2014-07-01,2014
8,44.2,20,241.0,79.7,4.5,27.7,24.933198924731183,2014-08-01,2014
9,34.6,9,83.6,75.6,7.0,28.5,25.079583333333336,2014-09-01,2014
10,32.8,10,120.0,77.0,6.0,28.4,25.170295698924733,2014-10-01,2014
11,64.4,23,250.8,82.4,5.4,27.5,25.094722222222224,2014-11-01,2014
12,48.2,17,245.6,82.6,3.7,27.0,24.71545698924731,2014-12-01,2014
1,33.6,6,79.6,77.6,7.4,26.9,23.8377688172043,2015-01-01,2015
2,10.8,6,18.8,75.4,7.3,27.0,23.633035714285715,2015-02-01,2015
3,46.0,5,84.4,75.8,7.3,28.2,24.765860215053763,2015-03-01,2015
4,18.8,13,73.2,77.1,7.2,28.6,25.373055555555553,2015-04-01,2015
5,22.2,12,89.0,78.9,5.8,28.7,25.795564516129033,2015-05-01,2015
6,28.4,10,95.8,75.8,6.7,29.0,25.58625,2015-06-01,2015
7,45.8,13,116.8,74.9,7.1,29.1,25.54422043010753,2015-07-01,2015
8,63.2,11,185.8,76.7,6.1,28.4,25.177553763440862,2015-08-01,2015
9,18.4,8,61.6,75.0,4.3,28.7,25.183611111111112,2015-09-01,2015
10,28.6,9,87.2,75.4,4.7,28.7,25.2127688172043,2015-10-01,2015
11,25.8,13,72.6,79.1,4.8,28.0,25.090416666666666,2015-11-01,2015
12,40.4,19,302.3,81.1,5.3,27.7,25.13037634408602,2015-12-01,2015
1,39.6,15,126.6,79.6,7.2,28.3,25.47258064516129,2016-01-01,2016
2,71.8,10,186.0,78.8,6.5,27.8,24.938505747126438,2016-02-01,2016
3,2.4,6,6.2,74.7,8.0,29.0,25.404569892473116,2016-03-01,2016
4,18.2,14,89.8,75.6,7.0,29.4,25.94527777777778,2016-04-01,2016
5,54.8,12,193.8,77.4,6.2,29.3,26.075806451612905,2016-05-01,2016
6,67.8,13,162.8,77.7,5.4,28.5,25.41916666666667,2016-06-01,2016
7,59.4,20,168.6,77.3,6.3,28.4,25.25954301075269,2016-07-01,2016
8,30.6,15,139.2,74.0,6.7,28.9,25.236155913978493,2016-08-01,2016
9,34.0,15,118.9,73.9,5.5,28.3,24.61013888888889,2016-09-01,2016
10,75.4,16,181.0,72.0,4.6,28.3,24.35282258064516,2016-10-01,2016
11,65.6,20,290.2,77.6,3.5,27.4,24.353194444444444,2016-11-01,2016
12,73.0,23,292.6,72.8,5.1,27.4,23.570833333333333,2016-12-01,2016
1,60.6,21,197.6,84.8,4.8,26.9,24.893010752688173,2017-01-01,2017
2,31.0,15,158.4,83.2,7.1,26.9,24.679464285714285,2017-02-01,2017
3,30.2,11,136.2,82.5,6.1,27.4,24.988440860215054,2017-03-01,2017
4,42.8,21,208.6,83.5,5.3,27.8,25.546388888888888,2017-04-01,2017
5,44.8,15,190.0,82.8,5.9,28.5,26.114650537634407,2017-05-01,2017
6,29.6,10,106.0,80.2,6.3,28.5,25.758472222222224,2017-06-01,2017
7,30.2,9,79.6,79.6,7.0,28.3,25.505779569892475,2017-07-01,2017
8,29.4,18,84.2,79.9,6.1,28.1,25.390591397849462,2017-08-01,2017
9,20.2,19,124.4,81.0,5.7,28.0,25.380555555555553,2017-09-01,2017
10,31.2,18,120.8,82.5,5.5,27.9,25.47970430107527,2017-10-01,2017
11,45.2,24,268.6,86.3,4.2,27.1,25.23,2017-11-01,2017
12,69.8,23,371.2,85.2,5.6,27.0,25.010080645161292,2017-12-01,2017
1,45.8,25,287.0,86.6,4.1,26.1,24.345430107526884,2018-01-01,2018
2,13.0,5,14.8,77.2,8.0,27.2,24.058630952380952,2018-02-01,2018
3,15.2,10,44.6,78.4,6.4,28.0,24.96532258064516,2018-03-01,2018
4,14.0,14,61.2,78.5,6.8,28.5,25.470000000000002,2018-04-01,2018
5,47.4,19,132.2,79.0,5.8,28.7,25.72244623655914,2018-05-01,2018
6,46.8,17,182.6,79.3,4.1,28.4,25.57097222222222,2018-06-01,2018
7,32.4,10,143.2,77.7,6.1,28.5,25.40309139784946,2018-07-01,2018
8,34.6,11,121.6,77.0,6.7,28.5,25.324596774193548,2018-08-01,2018
9,45.0,13,144.4,77.1,6.0,28.0,24.81625,2018-09-01,2018
10,60.6,18,234.4,79.7,6.1,27.9,25.083870967741937,2018-10-01,2018
11,20.6,27,169.6,83.2,3.8,27.3,25.046388888888888,2018-11-01,2018
12,43.8,19,172.6,81.5,5.1,27.6,25.065322580645162,2018-12-01,2018
1,38.2,9,63.6,75.6,7.1,28.0,24.60537634408602,2019-01-01,2019
2,13.4,5,31.6,74.1,9.2,28.2,24.58169642857143,2019-02-01,2019
3,29.0,6,72.2,72.3,8.3,28.7,24.737499999999997,2019-03-01,2019
4,52.4,9,174.8,77.6,5.9,28.6,25.50277777777778,2019-04-01,2019
5,17.2,13,69.0,79.2,7.0,29.3,26.34193548387097,2019-05-01,2019
6,37.6,16,173.8,79.5,5.3,28.4,25.612777777777776,2019-06-01,2019
7,6.6,8,12.2,75.2,7.5,29.0,25.546505376344086,2019-07-01,2019
8,3.8,6,11.8,72.1,7.6,29.1,25.14758064516129,2019-08-01,2019
9,16.4,4,22.8,73.0,6.7,29.0,25.176666666666666,2019-09-01,2019
10,92.2,15,176.8,78.1,6.5,28.1,25.083064516129035,2019-10-01,2019
11,73.4,15,137.4,79.2,5.5,28.0,25.128194444444443,2019-11-01,2019
12,74.2,14,421.5,83.9,4.8,26.7,24.581317204301076,2019-12-01,2019
1,38.0,6,88.4,77.9,7.1,27.7,24.690725806451614,2020-01-01,2020
2,23.8,8,65.0,76.0,8.3,27.9,24.5433908045977,2020-02-01,2020
3,47.4,8,108.8,75.2,7.6,28.6,25.12258064516129,2020-03-01,2020
4,51.8,12,188.0,76.4,7.1,28.9,25.50972222222222,2020-04-01,2020
5,53.8,16,255.6,79.1,5.7,28.9,26.024059139784946,2020-05-01,2020
6,41.0,21,233.8,80.2,4.3,28.1,25.440416666666668,2020-06-01,2020
7,30.4,22,140.8,78.2,5.7,27.9,25.021639784946238,2020-07-01,2020
8,34.6,12,103.4,76.8,6.4,28.3,25.113844086021505,2020-08-01,2020
9,32.8,18,150.2,79.0,4.8,27.5,24.719305555555554,2020-09-01,2020
10,19.0,16,78.8,75.4,4.3,28.3,24.916263440860217,2020-10-01,2020
11,64.2,19,220.6,81.7,4.0,27.2,24.803055555555556,2020-11-01,2020
12,58.2,20,253.2,81.1,5.2,27.2,24.651612903225807,2020-12-01,2020
1,210.6,17,692.8,82.6,4.2,26.0,23.733333333333334,2021-01-01,2021
2,0.6,2,1.0,73.8,8.2,27.3,23.745386904761904,2021-02-01,2021
3,38.0,14,182.4,76.6,7.3,27.9,24.68938172043011,2021-03-01,2021
4,83.8,14,290.4,77.4,6.8,28.2,25.1225,2021-04-01,2021
5,49.8,13,245.8,79.3,6.0,28.7,25.861424731182794,2021-05-01,2021
6,23.8,20,93.4,77.8,6.5,28.5,25.489305555555557,2021-06-01,2021
7,75.0,12,195.8,76.5,6.8,28.6,25.369220430107525,2021-07-01,2021
8,71.4,24,293.6,80.4,4.8,27.6,24.963172043010754,2021-08-01,2021
9,63.4,14,205.4,77.3,6.4,28.3,25.195833333333333,2021-09-01,2021
10,59.6,14,177.0,78.3,6.2,28.5,25.493682795698923,2021-10-01,2021
11,47.8,23,312.4,81.7,4.9,27.6,25.111944444444443,2021-11-01,2021
12,46.8,15,119.6,79.7,5.4,27.7,24.956048387096775,2021-12-01,2021
1,50.0,9,99.8,77.4,8.3,27.4,24.380913978494622,2022-01-01,2022
2,29.6,16,175.0,80.3,5.9,27.3,24.64985119047619,2022-02-01,2022
3,36.2,21,163.2,79.2,6.4,28.1,25.253225806451614,2022-03-01,2022
4,58.8,18,239.6,80.0,5.2,28.1,25.37541666666667,2022-04-01,2022
5,44.6,12,102.0,76.5,6.7,29.2,25.881317204301077,2022-05-01,2022
6,59.4,17,211.8,79.1,4.7,27.9,25.118055555555554,2022-06-01,2022
7,27.8,16,145.2,76.8,6.2,28.6,25.439112903225805,2022-07-01,2022
8,32.4,15,141.4,77.4,5.5,28.1,25.07231182795699,2022-08-01,2022
